"sense","sentence"
3,"fer en el meu cas, posant al Google per exemple Cupones Descuento Caprabo i us apareixeran links a diferents opcions. </s><s> I Funciona ? </s><s> No és un sistema perfecte, els cupons solen tenir dates de caducitat, per tant has de mirar que encara sigui vàlid, i a"
1,"anterior, però també m'he trobat amb alguna incompatibilitat de versions, com és inevitable: </s><s> Extensions que ara no em funcionen : </s><s> 1 .- La meva extensió favorita, la primera que instal·lo sempre: Delicious Bookmarks , ja que és la millor"
1,", atès que Fort Lauderdale és el clúster daquest sector més important dels Estats Units. </s><s> La finalitat ha estat veure com funcionen aquest centres i crear sinergies i possibles col·laboracions amb Mataró emmarcades en lestratègia de creixement i de"
1,", entrant en funcionament 3 nous vehicles híbrids per donar servei a les línies L1, L2 i L3. </s><s> Es tracta d'uns autobusos que funcionen principalment amb electricitat, però també amb gasoil, tant per augmentar l'autonomia com per augmentar la potència"
2,"ningú es fiqui a dins, però que els edificis es deuen anar deteriorant per estar fora d'us. </s><s> Després, si algun dia tornen a funcionar , s'hauran de gastar una carretada de milions per poder-les posar de nou en marxa i ja es veurà què passa. </s><s> Ànims amics! </s>"
3,"ens té acostumats. </s><s> Amb el detectiu Harry Bosch i les seves aventures, trames directes i àgils, molt americanes, que funcionen perfectament bé. </s><s> Dit això, no vull esmerçar ni una línia més a publicitar un premi que, com gran part dels guardons"
2,"un. </s><s> Us agreïria que em fesi-ho saber com podia registrarme. </s><s> Gràcies </s><s> Pel que sembla la pàgina està ""caiguda"" i sense funcionar des de fa un parell de mesos, no en tenia ni idaea. </s><s> La info l'he tret de"
2,"a engegar. </s><s> Quan ja estava a punt de fer-ho, vaig veure aquest missatge: ""Ens sap greu, l'aplicació telèfon ha deixat de funcionar "". </s><s> En aquests dispositius, el telèfon tan sols és una aplicació més, una entre les moltes que contenen. </s><s> Com la brúixola o"
2,"riure, sentiran la veu i fins i tot en vídeo sense necessitat de posar en marxa un super8 (el ""tomavistes"") que ja no funciona . </s><s> Es planteja també el tema del dret a l'oblit en Internet , és a dir, si podem fer desaparéixer el nostre rastre , un tema"
1,"visualitzar les dades obtingudes i actuar sobre elements creats als propis tallers. </s><s> Es farà servir AppInventor que funciona amb un sistema de peces semblant a l'Scratch, que permet simplificar la creació d'aquest tipus d'aplicacions. </s>"
1,"; atès que concentra la major part de la infraestructura bàsica del sector turístic de la Costa Daurada; i per això funciona també com la principal força motriu i dinamitzadora de la indústria turística local, ajudant a promocionar la gran"
2,"completa del Tren del Centenari, rèplica del primer tren que va circular a la península el 1848, o el primer Talgo que va funcionar . </s><s> Tradueix-nos </s><s> Enguany una sèrie de Bars i Restaurants de Girona i Salt han preparat menús i promocions especials"
2,"al Consumidor, així com les trameses per l'Ajuntament mitjançant la bústia del consumidor. </s><s> Sortim! </s><s> Ca l'Estruch va funcionar com a fàbrica dedicada a la tintoreria fins els anys 80. </s><s> Després mitjançant un conveni, part dels terrenys van passar a"
3,"perquè arrodonint una mica més les dues noies i mostrant una imatge femenina més moderna i autònoma seria una obra que funcionaria molt millor com a mirall de les relacions de parella actuals. </s><s> Malgrat tot, el muntatge funciona. </s><s> És àgil i divertit, té"
1,"que ajuda a aquestes persones a desenvolupar la seva autonomia i integrar-los al món laboral. </s><s> El codi dels ous axí funcionen </s> <s> RODRÍGUEZ GONZALO, C. (2012) Un espai de reflexió i recerca gramatical al voltant dels temps verbals del passat a 4t d'"
1,"de maquinari en un PentiumII. </s><s> Hi han tutorials sencers explicant que desinstalar i deshabilitar perque el catxarro funcioni de manera decent. </s><s> Aquests exercici d'abstreure's de la condició de geeks crec que no l'aconsegueix ningú. </s><s> Jo, de"
2,"un negoci molt diferent del d'en Navarro, m'adono que, tot i que cada empresari és un món, la il·lusió i les ganes per fer funcionar un negoci són dos pilars molt importants a l'hora d'engegar-lo i sigui rentable. </s><s> Quins avantatges té avui en dia ser"
1,"tindrà pel 2014 un pressupost total de 22,7_milions d'euros. </s><s> Feia dos anys que no s'aprovaven uns comptes nous i es funcionava amb els pressupostos prorrogats. </s><s> L'equip de govern de l'ajuntament de Vilanova presenta una proposta de pressupost"
1,que els porten a terme i les millores a nivell genètic. </s><s> Biologia Humana i salut </s><s> Conèixer com està constituït i com funciona el cos humà i prevenir problemes relacionats amb la salut i la qualitat de vida. </s><s> Disseny industrial i Arquitectònic </s>
1,"en indústries tals com els mitjans de comunicació, béns de consum, retail, automoció, sanitat, etc. </s><s> Comprendre com funcionen els ecosistemes mòbils i, en particular, la correlació entre el disseny i els mòbils, i entre la innovació i la"
2,". </s><s> A la resta de línies apareix el mateix missatge en un format tipus ""scroll"". </s><s> De moment, aquest servei d'informació funciona els dies feiners, de 6.30 a 20.30 hores, amb la intenció d'ampliar-ne l'horari de cobertura. </s><s> 8. </s><s> Qui elabora les"
3,"Lluís Llort i Salvador Balcells. </s><s> No us esgotaré amb un article llarg. </s><s> És una de les gràcies d'editar un bloc que funcioni : no escriure textos excessius. </s><s> Per tant, el resum: he treballat molt, incansablement. </s><s> I ho continuo fent. </s><s> Quan jo"
1,Jurídica (SOJ) per a la sol·licitud d'assistència jurídica gratuïta en casos de procediments judicials oberts. </s><s> Com funciona ? </s><s> Les persones i famílies interessades en aquest servei s'han d'adreçar a qualsevol dels serveis municipals (serveis
2,"d'incrementar la capacitat de l'edifici en el moment en què les salines de Morreres (entrada de Collegats) deixen de funcionar , i per tant, augmenta l'activitat salinera a Gerri. </s><s> L'ús d'aquest immoble ha estat lligat a l'activitat salinera de"
1,"del segle XVI, i del segon rellotge que va <coll>funcionar</coll> des del 1882 fins el 1986. </s><s> El Paco Tovar assegura que ambdues funcionarien avui dia amb unes quantes reparacions. </s><s> La tercera ascensió és la definitiva, o quasi. </s><s> En primer lloc vas a parar on hi ha"
3,"i agilitat i han de ser valors preexistens a l'organització perquè quan les implementem les eines de comunicació 2.0 funcionin . </s><s> Una organització molt jeràrquica, piramidal, on imperi la cultura del control, del recel a passar informació, de"
1,"pel líder, el San Lorenzo, que només n'ha rebut 12 i demostra que quan s'està bé, fort i concentrat en defensa tot funciona millor. </s><s> La classificació està més apretada que mai, tenim a 12 equips (del 2on al 13è) amb una diferència de 7 punts, amb"
1,"amb el meu modest mòbil de 3,2 polzades i em deixo els ulls del petit que es veu tot i lleig. </s><s> Els dissenys adaptatius funcionen amb pantalles grans on hi cap més informació, tauletas o smarphones de 4,7 polzades o més però als smartphones amb"
3,"la meva boca en forma de paraules, potser massa tontes, no he set mai noia de saber que dir en aquest cassos, però veig que funcionen i em respons bé. </s><s> Em parles amb naturalitat i m'agrada, em fas sentir bé i m'ajuda a obrir-me. </s><s> Fas cara de bon nen, de no"
2,"un/a. </s><s> Això rai! </s><s> El que és un gran pena és la decadència que tenim en entrar als 30... El cervell i el cos comença a deixar de funcionar , de rendir al 100% com feia fins ara. </s><s> I evidentment, això ho noto, vaja, ho notem (no seré la única, oi??). </s><s> La retenció d'"
2,"al Paratge Natural Municipal de ""la Costera"", a Puçol. </s><s> Es tracta d'un espai límit amb el parc Natural de la Calderona que funciona en règim de custòdia del territori per Acció Ecològista Agró. + info Repoblació forestal al paratge de la Costera </s>"
1,"d'atur. </s><s> L'any passat es van concedir un total de 91 ajudes a emprenedors. </s><s> El servei Itinere de la Fundació Joia, que funciona com una agència de col·locació, ha aconseguit el 56% de les insercions laborals de les persones afectades per"
2,"dits, i per acabar, ens trobem més del mateix al compartiment per la bateria, que s'ha reduït notablement. </s><s> Continua funcionant amb piles, això sí. </s><s> Actualitat </s><s> BEYOND TEXTILE - 21 joiers d'Argentina </s><s> La present mostra reuneix una sèrie de peces"
1,"disminució de la mobilitat; psicològicament es veu afectada la seguretat de la persona per les dificultats que suposa funcionar amb poca visió; socialment es veuen afectades les activitats d'oci, i també les relacions socials, ja que la persona se"
2,"bàsic de qualsevol sistema RFID és la pròpia etiqueta. </s><s> Sense l'etiqueta la resta del sistema simplement no pot funcionar . </s><s> És fonamental, doncs, que les etiquetes que seleccioneu siguin 100% fiables i adequats als objectius. </s><s> Totes les"
2,"d'acció social, Jordi Gost. </s><s> Visita al pis després de la reforma </s><s> Imatges del pis reformat </s><s> Aquest pis podrà començar a funcionar aviat, un cop superat el període d'al·legacions. </s><s> Ple Municipal </s><s> Cerca convocatòries del Ple </s><s> Convocatòries del Ple </s><s> Us"
1,"tenir més coses, més diners, per poder fer més del que els agrada perquè així seran més feliços. </s><s> Però la veritat és que funciona a l'inrevés. </s><s> Primer has de SER qui realment ets, i després FER el que necessites per poder TENIR el que vols "" </s><s> Margaret"
2,"cas de les tauletes, la pantalla tàctil les converteix en una joguina, carregada de tot tipus de jocs i molt fàcil de fer funcionar . </s><s> El seu ús és similar al d'un llibre de contes on els personatges són màgics: parlen, es mouen, s'amaguen... però no com"
3,"més veiem. </s><s> Però, quina fa més mal? la física o la psicològica? </s><s> També hi havia un photocall per a fer-se fotos, però no ha funcionat i la meua reflexió és la següent: Si el photocall haguera estat decorat amb fotos de violència en un costat i en l'altre,"
3,"per una part el S.O. orginal, per una altra part Ubuntu i per una altra part els documents accessibles des de tots dos. </s><s> Em funciona genial, i per això al cap d'un temps vaig pensar que si funciona bé a casa, també a la feina. </s><s> Però em vaig quedar amb un pam de"
1,"avui a La Vanguardia, l'alcalde Xavier Trias destaca el paper de la dona com emprenedora. </s><s> Si volem mesurar com funcionen els nostres enviaments de correu, és molt fàcil. </s><s> Només caldrà afegir uns petits paràmetres al final dels links cap a la"
2,"amb més de 50 anys, però serà obligatori en tots els municipis. </s><s> Encara que el nou sistema d'inspecció començarà a funcionar a partir d'aquest any, el termini que tenen els edificis per sotmetre-s'hi s'amplia fins el 2019. </s><s> Tanmateix, aquells"
2,la Mataró. </s><s> Només queden 5 dies i gairebé hem arribat al 75% del total necessari perquè la locomotora de vapor torni a (perífrasi verbal iterativa) funcionar . </s><s> Ara més que mai necessitem l'ajuda de tothom per acabar de fer realitat aquest projecte. </s><s> Per als que encara no conegueu
3,"i honestedat. </s><s> Els quatre intèrprets fan una feina impecable. </s><s> El muntatge destil·la veritat."" Xavi Pardo. </s><s> Butxaca </s><s> "" Funciona per la frescor de diàlegs, l'equilibrat to agredolç de les històries, l'elegància en les transicions entre escenes,"
3,"? </s><s> Si em compro un televisor amb connexió a internet, li treuré partit o no? </s><s> Això no és nou. </s><s> El consell de l'amic sempre ha funcionat com a constructor de la confiança. </s><s> Però és en aquesta època quan la incertesa del nou entorn on ens movem, de la nova"
2,"la configuració del seu ordinador , però, algunes de les característiques dels nostres serveis online poden no funcionar o poden resultar més complicades d'accedir si rebutja totes les cookies . </s><s> Molts navegadors permeten activar una"
1,", que té accent català i es diu Berta, sigui capaç de participar en tot això, quan ella hauria de saber de bona mà com funciona tot... </s><s> una setmana per entendre fruita... m'hi pixo! </s><s> - </s><s> . </s><s> . </s><s> #355 Jordi, Alaró, Mallorca. 31/08/2008 - 11:54 </s><s> Valorar </s>"
2,"que en aquest perÃode sâhan registrat 440 persones usuÃ ries front a les 239 que lâutilitzaren el gener de 2013 (va funcionar Ãonicament aquest mes). </s><s> Unes dades que focalitzant-les en el mes de gener, ofereixen del 2013 al 2014 un increment del"
1,"del primer invent tecnològicament avançant que suposa un complement i una alternativa a la cadira de rodes. </s><s> L'aparell funciona amb un motor elèctric amb bateria recarregable que, mitjançant una sèrie de sensors i motors, permet a les persones amb"

3,"i el seus seguidors és fonamental per aconseguir una bona imatge i reputació digital . </s><s> La promoció per persuasió ja no funciona , es necessiten usuaris convençuts de que se'ls escolta i que sel's respon. </s><s> Aquesta interacció será la que fidelitzará"
