"1,""un seguiment personalitzat de l'estudiant mitjançant l'assignació d'un tutor personal que li ajudarà a conèixer com funciona una empresa, així com a desenvolupar el seu treball diari. </s><s> Si encara estàs estudiant o acabes de finalitzar i creus que""";
"3,""és facilitar el pas dels sucres de la sang a les cèl·lules. </s><s> Quan no hi ha insulina com en els diabètics joves (Tipus 1), o no funciona correctament, com ocorre en els adults (Tipus 2), el sucre no passa de la sang als òrgans i el funcionament és deficient. </s>""";
"3,""a Barcelona: Qui decideix què mengem? </s><s> Impartit per: Esther Vivas </s><s> Introducció: El sistema agrícola i alimentari no funciona . </s><s> Vivim en un món que condemna milions de persones a la fam mentre diàriament es llencen tones de menjar, que fa""";
2,anys d'edat. </s><s> És la Mancomunitat qui fa les imposicions des dels dos als quinze anys d'edat. </s><s> Borsa del Treball </s><s> Comença a funcionar el 2 de gener de 1912 i es crea per iniciativa de la Junta Mixta de l'extingit Museu Social. </s><s> Té com a missió combatre el mal;
"3,""torn, escenaris i actors. </s><s> Els límits perceptius, la construcció simbòlica del lloc i l'experiència física d'aquest funcionen com a estímuls i com a obstacles. </s><s> Una proposta altament implicativa i no exempta d'un sentit ritual que proposa un""";
3,a comptar amb Omatech per desenvolupar el nou web. </s><s> Per nosaltres és la validació que la nostra filosofia de treball funciona i és sostenible durant el temps. </s><s> Una filosofia que consisteix en superar la relació client-proveïdor clàssica i crear;
"2,""alimentaris d'Europa. </s><s> Avui, després d'un segle i mig d'història, conèixer la Casa Gispert i veure el forn centenari funcionant permet al visitant gaudir d'una botiga que no ha perdut els seus orígens. </s><s> """" Han sabut preservar escrupolosament l'""";
"1,"". </s><s> El preu total del curs és 75€. </s><s> Scratch </s><s> Amb l' Scratch , els més petits aprenen d'una manera senzilla i entenedora com funcionen els ordinadors. </s><s> Ajuntant uns blocs amb altres, en pocs minuts, els petits construeixen petits programes que mouen els""";
"1,""Baeza-Yates (Vicepresident de Yahoo! </s><s> Research per Europa, Orient Mitjà i Llatinoamèrica) i ens va posar al dia de com funcionen y funcionaran els cercadors en aquests temes: </s><s> La idea principal és que cada cop se'n sap més del que nosaltres, com a""";
"1,""molt temps durant el seu ús. </s><s> Els infants, adolescents i joves d'avui són nadius digitals, i tenen gran habilitat per fer funcionar les eines i infraestructures digitals com internet, les xarxes socials o jocs en línia, per exemple, però penso que el""";
"1,""tenim cap interes en canviar-los les seves lleis. </s><s> Nosaltres votarem i si surt majoria seguirem les nostres lleis. </s><s> Així funciona el món, agradi als corruptes de Ciudadanos, pp i psoe, o no. </s><s> #17 Tan si volen com si no votarem, Sí i Sí. 06/01/2014 - 16:26 </s>""";
"3,""o Twitter , amb usuaris que utilitzen molt el mòbil , els vindrà molt bé que els regalin un iPhone , iPad o tablet . </s><s> Això funciona molt bé , comenta Phillipe González . </s><s> Impulsa les teves accions amb dates assenyalades . </s><s> Canal Cocina va aprofitar""";
"2,"", presentacions breus i informals de productes culturals i serveis professionals, entre d'altres activitats, funcionaran a ple rendiment. </s><s> D'entre aquest darrer grup destaca la participació de l'italià Erasmo Treglia, director del""";
1,del xiptv. </s><s> El vostre navegador no suporta Javascript. </s><s> Podrà navegar però el formulari de preguntes i respostes no funcionarà </s> <s> CONTINGUTS FORMATIUS DE SUPORT </s><s> Aquests materials de suport al projecte ACTIC han estat concebuts des del;
1,. </s><s> Molt útil per bessons o germans d'edats similars perquè les dos cadires es poden ajuntar. </s><s> Mira el vídeo i entendràs com funciona ! </s><s> Descompte per bessons! </s><s> Heliexperience </s><s> La manera més ràpida d'aprofitar els descensos! </s><s> El mínim necessari per a;
"1,""una pàgina web oficial on poder penjar totes les novetats, contingut, fotografies, etc. de manera ordenada. </s><s> La pàgina funciona amb Wordpress i el tema que he creat és inspirat en el de phpBB.com . </s><s> Si us agrada aquest tema el podreu trobar a la secció de""";
"3,""a Castella i Lleó, Begoña Grijalvo, qui ha asseverat que """"l'economia social ha demostrat que tot i la crisi és el que funciona """". </s><s> BBVA acaba de convocar la sisena edició del Premi Integra amb el qual es vol promoure la integració laboral de les""";
"1,""<s> Aprèn a reconèixer les roques sedimentàries, seguint el mètode científic de treball dels geòlegs. </s><s> Coneix com funciona un riu i la seva relació amb el sistema Kàrstic del Toll. </s><s> Inclou: Visita Guiada a les Coves prehistòriques i al Museu""";
"1,""gènere serà una bona font per a estudiar la nostra història? </s><s> I tant! </s><s> Segur, seguríssim! </s><s> Si volen, per exemple, saber com funciona la policia dels barris marginals, ho trobaran en el noir . </s><s> Només hi ha un parell de llibres de sociologia que ho expliquen""";
"2,""graons més. </s><s> Ara estem a la sala dels rellotges, on hi ha la maquinària original del segle XVI, i del segon rellotge que va funcionar des del 1882 fins el 1986. </s><s> El Paco Tovar assegura que ambdues funcionarien avui dia amb unes quantes reparacions. </s><s> La""";
"2,""d'aquesta empresa juntament amb Masana. </s><s> Construïda l'any 1911 i inaugurada l'any 1913, aquesta farinera va deixar de funcionar als anys 70. </s><s> Actualment, és la seu de la Policia Local i dels Serveis Municipals de Manresa, tot i que conserva la seva""";
"1,""l'escenari del conflicte obert a Egipte. </s><s> I, tot mirant a la TV les últimes cròniques, ja de cap a escriure la crònica! </s><s> Si funciona Internet, esperem que sí, tot serà ràpid. </s><s> Em podré connectar al diari per esciure. </s><s> I sinó, hauré de dictar per telèfon,""";
"2,""durant les 24 hores del dia. </s><s> La vostra participació és un aspecte fonamental per aconseguir que el municipi funcioni millor. </s><s> Gràcies per utilitzar-lo. </s><s> Avís: Els missatges rebuts a través de l' """"Explica'ns com ho veus"""" no suposen l'""";
"1,""internacional de la còpia digitalitzada de """"El gabinet del Dr. Caligari"""" (1920), obra mestra de Robert Wiene's. </s><s> COM FUNCIONA ? </s><s> ToowayTM és una solució via satèl·lit bidireccional que proporciona un accés continu i d'alta velocitat a Internet a""";
"3,""de Padre de Familia iAmerican Dad ja va debutar com a director fa un parell d'anys amb Ted, una comèdia gamberra que va funcionar prou bé, però si llavors la seva presència va ser """"virtual"""" a través de la veu de l'ós de peluix protagonista, ara és""";
"2,""s'estan movent dins del mateix marc, dins del mateix món, és a dir, com solucionar-ho perquè el sistema continuï funcionant . </s><s> Teoria crítica, aquí no n'hi ha. </s><s> Efectivament hi ha forces en els dos sentits, no és impensable que d'aquí a un segle""";
"3,""el suïcidi de la seva pròpia mare. </s><s> Malgrat totes les desgràcies familiars, lluitaran perquè la seva història d'amor funcioni . </s><s> Bones pràctiques </s><s> BBVA i Esade formaran a 320 pimes catalanes per promoure la contractació </s><s> Divendres, 31 maig 2013 </s>""";
"1,""el situacions de poca llum. </s><s> Igualment grava vídeo a 1080p amb uns resultats força decents. </s><s> L'estabilitzador d'imatge funciona d'una manera correcta. </s><s> De totes maneres, aquesta càmera em va donar uns petits problemes durant els primers dies que""";
"2,""després de la Guerra Civil i fins a la inauguració de la cripta l'any 1948 s'hi van fer els oficis religiosos. </s><s> Tornà a funcionar com a cinema fins a l'any 1985, en què tancà definitivament les seves portes. </s><s> L'any 1991 va ser adquirit per l'""";
"1,""en un full de paper a Lisboa. </s><s> 2 comentaris </s><s> Pere Brunet </s><s> 09/07/2013 17:30 </s><s> La resposta és afirmativa: les càmeres digitals funcionen amb CCDs. </s><s> Evidentment, una càmera com la del Gaia no es pot usar per fer fotos de familia, però sí que ens podem aprofitar""";
"2,""no es nou i no ens entranya, ja que el mateix va passar l'any anterior...i l'altre... Aquest Taller d'art va començar a funcionar el 1978/79 en locals cedits per la parròquia, desprès a l'escola pública (allà on es ara d'institut) fins que""";
"3,""? </s><s> A la part de les cançons/poemes he convidat a tots els escriptors a ser partícips de la creació de la cançó. </s><s> I està funcionant molt bé, rebre els seus inputs és un privilegi, saber les petites anècdotes de quan, com o perquè van fer aquells versos,""";
"1,""de la cuenta"""" i us apareix un error només en l'enviament , no passa res. </s><s> Això és perquè el nostre servidor SMTP funciona mitjançant el mètode POP-before-SMTP. </s><s> Si voleu utilitzar l'smtp autentificat smtp2.drac.com Anar a Herramientas -""";
"1,""que permeti als catalans i catalanes decidir amb llibertat el seu futur. </s><s> En altres àmbits, aquestes qüestions funcionen de manera diferent. </s><s> Al Quebec hi ha hagut dos referèndums per la independència. </s><s> A Escòcia, Alex Salmond ha iniciat les""";
"3,""de 1r de batxillerat de la branca d'humanitats, i que tracta sobre la transformació bacteriana. </s><s> Ambdós programes han funcionat molt positivament i han comptat amb la implicació de tots els alumnes. </s><s> Formació al professorat al Tàndem Institut""";
"1,""per aquesta causa el centre no els podrà reposar. </s><s> Plató fotogràfic </s><s> - No utilitzeu l'equip de flaixos sense saber com funcionen . - Connecteu la càmera amb els flaixos abans d'engegar-los. - Les bombetes de flaix són extremadament sensibles, aneu""";
"1,""mlogc es copiarà a /etc . </s><s> Modsecurity és un firewall d'aplicacions web que permet protegir y detectar atacs al servidor </s><s> Funciona com a módul del servidor web Apache i la seva instal·lació no és massa complicada, en canvi la creació de regles o""";
"1,""de descoberta, coneixement compartit i de transmissió d'experiències que comporten les trobades. </s><s> Les jornades funcionen amb inscripció prèvia (20€, inclou el sopar) i cal fer-la efectiva abans del 20 de gener. </s><s> Us animem a participar-hi i""";
"2,""utilitzi. </s><s> Amb la computació en núvol tot està centralitzat a la web. </s><s> Això significa que podem tenir una sola aplicació funcionant en un servidor, i al qual tots els treballadors tinguin accés";" així només es necessitaria una llicència. </s><s> Per Íñigo"""
"2,""crítiques que comencen a reclamar que el Penedès s'ha de moure. </s><s> Veus i iniciatives, unes noves i altres que fa temps que funcionen a la xarxa com ara la Viniesfera , Les Quatre Fonts , Discover Penedès , Cultura Penedès o Territori Penedes a twitter. </s>""";
